CHR_A,BP_A,SNP_A,CHR_B,BP_B,SNP_B,R2
2,139063738,rs16841562,2,139064447,rs10928684,1
18,3660801,rs9952159,18,3661485,rs8096356,1
4,93139968,rs6838743,4,93149117,rs4574371,0.994176
4,93157863,rs7683744,4,93158357,rs1503211,0.993384
4,93073446,rs1511295,4,93093005,rs12506519,0.988359
4,93126980,rs4286490,4,93139968,rs6838743,0.988357
4,93146102,rs6844422,4,93154112,rs1354296,0.986911
4,93126980,rs4286490,4,93149117,rs4574371,0.982642
4,93130984,rs17264265,4,93157806,rs7661294,0.982639
4,93146102,rs6844422,4,93154693,rs1503212,0.980362
4,93073446,rs1511295,4,93082573,rs7686545,0.976867
4,93082573,rs7686545,4,93093005,rs12506519,0.976432
4,92783749,rs7699688,4,92819258,rs1369169,0.975967
4,92744627,rs954467,4,92819258,rs1369169,0.975387
19,34152869,rs1260608,19,34157566,rs2482998,0.972698
4,93154112,rs1354296,4,93154693,rs1503212,0.967131
6,48597122,rs9296598,6,48614040,rs3010531,0.964253
4,92744627,rs954467,4,92783749,rs7699688,0.963937
4,93130984,rs17264265,4,93139968,rs6838743,0.960272
4,93130984,rs17264265,4,93149117,rs4574371,0.954854
18,51431141,rs321849,18,51447974,rs321858,0.952943
4,93126980,rs4286490,4,93130984,rs17264265,0.948314
4,93138324,rs10021088,4,93158357,rs1503211,0.948253
4,92764254,rs2046015,4,92819258,rs1369169,0.945771
4,93139968,rs6838743,4,93157806,rs7661294,0.943732
4,93126980,rs4286490,4,93157806,rs7661294,0.942969
4,93138324,rs10021088,4,93157863,rs7683744,0.942016
2,9473160,rs2001658,2,9494727,rs1048610,0.939141
4,93149117,rs4574371,4,93157806,rs7661294,0.93847
4,92744627,rs954467,4,92764254,rs2046015,0.934923
4,93154112,rs1354296,4,93158357,rs1503211,0.930723
4,92764254,rs2046015,4,92783749,rs7699688,0.924518
4,93154112,rs1354296,4,93157863,rs7683744,0.923948
4,93146102,rs6844422,4,93158357,rs1503211,0.918798
4,93146102,rs6844422,4,93157863,rs7683744,0.911985
18,3662130,rs1460411,18,3664989,rs1110731,0.906404
4,93154693,rs1503212,4,93158357,rs1503211,0.898052
4,93082573,rs7686545,4,93139968,rs6838743,0.896749
4,93082573,rs7686545,4,93126980,rs4286490,0.896501
18,3660801,rs9952159,18,3663631,rs11663827,0.892971
18,3661485,rs8096356,18,3663631,rs11663827,0.892971
2,230082787,rs7599478,2,230128040,rs6743476,0.892145
4,93154693,rs1503212,4,93157863,rs7683744,0.891383
4,93082573,rs7686545,4,93149117,rs4574371,0.891357
4,93138324,rs10021088,4,93154693,rs1503212,0.888243
4,93138324,rs10021088,4,93154112,rs1354296,0.883433
4,93073446,rs1511295,4,93130984,rs17264265,0.881051
4,93073446,rs1511295,4,93139968,rs6838743,0.875504
4,93073446,rs1511295,4,93126980,rs4286490,0.874977
4,93093005,rs12506519,4,93139968,rs6838743,0.874313
4,93093005,rs12506519,4,93126980,rs4286490,0.873861
4,93138324,rs10021088,4,93146102,rs6844422,0.87219
4,93073446,rs1511295,4,93149117,rs4574371,0.870349
4,93093005,rs12506519,4,93130984,rs17264265,0.869334
4,93093005,rs12506519,4,93149117,rs4574371,0.869075
4,93093005,rs12506519,4,93157806,rs7661294,0.863775
4,93082573,rs7686545,4,93130984,rs17264265,0.859085
18,3660801,rs9952159,18,3662130,rs1460411,0.85098
18,3661485,rs8096356,18,3662130,rs1460411,0.85098
2,9473160,rs2001658,2,9475906,rs7591166,0.834235
2,9475906,rs7591166,2,9494727,rs1048610,0.809725
7,141832387,rs10464444,7,141838168,rs11765575,0.792374
7,141838168,rs11765575,7,141936763,rs1285950,0.77204
7,75634474,rs12534422,7,75635145,rs4731231,0.770329
18,3660801,rs9952159,18,3664989,rs1110731,0.766625
18,3661485,rs8096356,18,3664989,rs1110731,0.766625
18,3662130,rs1460411,18,3663631,rs11663827,0.765662
2,230130731,rs6436908,2,230132687,rs12694840,0.724684
18,3663631,rs11663827,18,3664989,rs1110731,0.705184
4,93146102,rs6844422,4,93149117,rs4574371,0.687325
4,93126980,rs4286490,4,93146102,rs6844422,0.686009
4,93139968,rs6838743,4,93146102,rs6844422,0.683427
4,93082573,rs7686545,4,93146102,rs6844422,0.681159
4,93082573,rs7686545,4,93154112,rs1354296,0.674704
4,93146102,rs6844422,4,93157806,rs7661294,0.670898
4,93149117,rs4574371,4,93154112,rs1354296,0.670607
4,93073446,rs1511295,4,93146102,rs6844422,0.670417
4,93082573,rs7686545,4,93154693,rs1503212,0.67016
4,93126980,rs4286490,4,93154112,rs1354296,0.669418
4,93139968,rs6838743,4,93154112,rs1354296,0.666797
4,93149117,rs4574371,4,93154693,rs1503212,0.666115
4,93126980,rs4286490,4,93154693,rs1503212,0.664957
4,93073446,rs1511295,4,93154112,rs1354296,0.664287
4,93093005,rs12506519,4,93146102,rs6844422,0.66316
4,93139968,rs6838743,4,93154693,rs1503212,0.662306
4,93130984,rs17264265,4,93146102,rs6844422,0.661571
4,93093005,rs12506519,4,93154112,rs1354296,0.656907
4,93154112,rs1354296,4,93157806,rs7661294,0.654964
4,93093005,rs12506519,4,93154693,rs1503212,0.652335
4,93154693,rs1503212,4,93157806,rs7661294,0.650691
4,93130984,rs17264265,4,93154112,rs1354296,0.645652
4,93130984,rs17264265,4,93154693,rs1503212,0.641322
4,93149117,rs4574371,4,93158357,rs1503211,0.626183
2,75646091,rs2422230,2,75650686,rs3771875,0.625963
4,93139968,rs6838743,4,93158357,rs1503211,0.622733
4,93149117,rs4574371,4,93157863,rs7683744,0.619165
4,93126980,rs4286490,4,93157863,rs7683744,0.618635
4,93139968,rs6838743,4,93157863,rs7683744,0.615696
4,93082573,rs7686545,4,93138324,rs10021088,0.615162
4,93157806,rs7661294,4,93158357,rs1503211,0.614214
4,93138324,rs10021088,4,93149117,rs4574371,0.61122
4,93138324,rs10021088,4,93139968,rs6838743,0.607953
4,93157806,rs7661294,4,93157863,rs7683744,0.606919
4,93130984,rs17264265,4,93158357,rs1503211,0.604449
7,141832387,rs10464444,7,141936763,rs1285950,0.604218
4,93126980,rs4286490,4,93138324,rs10021088,0.601487
4,93093005,rs12506519,4,93138324,rs10021088,0.598755
4,93073446,rs1511295,4,93138324,rs10021088,0.597869
4,93130984,rs17264265,4,93157863,rs7683744,0.597329
4,93130984,rs17264265,4,93138324,rs10021088,0.581605
4,93138324,rs10021088,4,93157806,rs7661294,0.572456
1,2249085,rs260513,1,2271528,rs903908,0.5635
2,75619432,rs7588344,2,75650686,rs3771875,0.555829
2,75619432,rs7588344,2,75646091,rs2422230,0.541015
7,141832387,rs10464444,7,141953837,rs7794708,0.540339
7,141936763,rs1285950,7,141953837,rs7794708,0.505546
7,141838168,rs11765575,7,141953837,rs7794708,0.427024
2,230128040,rs6743476,2,230130731,rs6436908,0.426086
2,230082787,rs7599478,2,230130731,rs6436908,0.377755
4,92819258,rs1369169,4,93138324,rs10021088,0.321561
4,92764254,rs2046015,4,93138324,rs10021088,0.309154
4,92783749,rs7699688,4,93138324,rs10021088,0.299833
4,92744627,rs954467,4,93138324,rs10021088,0.29836
2,230082787,rs7599478,2,230132687,rs12694840,0.281897
2,230128040,rs6743476,2,230132687,rs12694840,0.26955
4,92819258,rs1369169,4,93146102,rs6844422,0.260576
4,92783749,rs7699688,4,93146102,rs6844422,0.24713
6,48614040,rs3010531,6,48903365,rs10484428,0.233405
6,65781832,rs13191280,6,65818284,rs4299807,0.226594
6,48597122,rs9296598,6,48903365,rs10484428,0.220914
4,92819258,rs1369169,4,93093005,rs12506519,0.175638
4,92819258,rs1369169,4,93126980,rs4286490,0.175405
4,92819258,rs1369169,4,93149117,rs4574371,0.174951
4,92819258,rs1369169,4,93082573,rs7686545,0.171944
4,92819258,rs1369169,4,93139968,rs6838743,0.171723
4,92744627,rs954467,4,93093005,rs12506519,0.170411
4,92819258,rs1369169,4,93073446,rs1511295,0.170148
4,92744627,rs954467,4,93126980,rs4286490,0.168403
4,92764254,rs2046015,4,93139968,rs6838743,0.168063
4,92783749,rs7699688,4,93126980,rs4286490,0.167796
4,92764254,rs2046015,4,93126980,rs4286490,0.16691
4,92744627,rs954467,4,93073446,rs1511295,0.165058
4,92783749,rs7699688,4,93093005,rs12506519,0.164889
4,92744627,rs954467,4,93082573,rs7686545,0.161963
4,92819258,rs1369169,4,93130984,rs17264265,0.160603
4,92764254,rs2046015,4,93082573,rs7686545,0.160246
4,92783749,rs7699688,4,93073446,rs1511295,0.159638
4,92783749,rs7699688,4,93139968,rs6838743,0.159597
4,92764254,rs2046015,4,93093005,rs12506519,0.159096
4,92744627,rs954467,4,93130984,rs17264265,0.158724
4,92783749,rs7699688,4,93082573,rs7686545,0.156717
4,92764254,rs2046015,4,93073446,rs1511295,0.154267
4,92783749,rs7699688,4,93130984,rs17264265,0.15339
4,92764254,rs2046015,4,93130984,rs17264265,0.153175
16,49223924,rs12599955,16,49225598,rs11647643,0.120087
14,97462867,rs11628827,14,97489930,rs2626595,0.0320767
9,4586808,rs3087879,9,5412546,rs10815211,0.000837356
