CHR_A,BP_A,SNP_A,CHR_B,BP_B,SNP_B,R2
2,139063738,rs16841562,2,139064447,rs10928684,1
4,93157863,rs7683744,4,93158357,rs1503211,0.995819
4,93146102,rs6844422,4,93154693,rs1503212,0.992077
18,3660801,rs9952159,18,3661485,rs8096356,0.98908
4,93130984,rs17264265,4,93157806,rs7661294,0.948709
19,34152869,rs1260608,19,34157566,rs2482998,0.944022
4,93073446,rs1511295,4,93093005,rs12506519,0.943269
4,93082573,rs7686545,4,93126980,rs4286490,0.94217
4,93146102,rs6844422,4,93154112,rs1354296,0.922855
4,93154112,rs1354296,4,93154693,rs1503212,0.922465
4,93154112,rs1354296,4,93158357,rs1503211,0.911682
4,93154112,rs1354296,4,93157863,rs7683744,0.907593
4,93146102,rs6844422,4,93157863,rs7683744,0.859984
4,93154693,rs1503212,4,93157863,rs7683744,0.859359
4,93146102,rs6844422,4,93158357,rs1503211,0.856525
4,93139968,rs6838743,4,93149117,rs4574371,0.856239
4,93154693,rs1503212,4,93158357,rs1503211,0.855879
4,93126980,rs4286490,4,93139968,rs6838743,0.830321
4,92744627,rs954467,4,92783749,rs7699688,0.798049
4,93082573,rs7686545,4,93139968,rs6838743,0.783213
4,93138324,rs10021088,4,93158357,rs1503211,0.773206
4,93138324,rs10021088,4,93157863,rs7683744,0.770018
4,93138324,rs10021088,4,93154112,rs1354296,0.746731
4,93126980,rs4286490,4,93149117,rs4574371,0.715478
4,92744627,rs954467,4,92819258,rs1369169,0.706142
4,93138324,rs10021088,4,93154693,rs1503212,0.700126
4,93138324,rs10021088,4,93146102,rs6844422,0.694725
4,92783749,rs7699688,4,92819258,rs1369169,0.692926
18,51431141,rs321849,18,51447974,rs321858,0.691241
18,3661485,rs8096356,18,3663631,rs11663827,0.690649
6,48597122,rs9296598,6,48614040,rs3010531,0.687307
18,3660801,rs9952159,18,3663631,rs11663827,0.684973
18,3662130,rs1460411,18,3664989,rs1110731,0.67444
4,93082573,rs7686545,4,93149117,rs4574371,0.671792
4,93073446,rs1511295,4,93082573,rs7686545,0.652315
4,93073446,rs1511295,4,93126980,rs4286490,0.622092
4,93082573,rs7686545,4,93093005,rs12506519,0.617198
4,93093005,rs12506519,4,93126980,rs4286490,0.592048
4,93073446,rs1511295,4,93130984,rs17264265,0.586208
4,93093005,rs12506519,4,93130984,rs17264265,0.544913
2,230082787,rs7599478,2,230128040,rs6743476,0.537952
4,93093005,rs12506519,4,93157806,rs7661294,0.514709
4,93093005,rs12506519,4,93139968,rs6838743,0.513898
2,9473160,rs2001658,2,9494727,rs1048610,0.510149
4,93073446,rs1511295,4,93139968,rs6838743,0.485679
2,230128040,rs6743476,2,230132687,rs12694840,0.47814
4,92764254,rs2046015,4,92819258,rs1369169,0.474674
4,92744627,rs954467,4,92764254,rs2046015,0.428693
4,93093005,rs12506519,4,93149117,rs4574371,0.422923
2,230082787,rs7599478,2,230132687,rs12694840,0.421505
4,93073446,rs1511295,4,93149117,rs4574371,0.404668
4,93126980,rs4286490,4,93130984,rs17264265,0.400862
4,93130984,rs17264265,4,93139968,rs6838743,0.399141
1,2249085,rs260513,1,2271528,rs903908,0.394766
4,93139968,rs6838743,4,93157806,rs7661294,0.387304
7,141832387,rs10464444,7,141838168,rs11765575,0.386985
4,93126980,rs4286490,4,93157806,rs7661294,0.377677
4,93082573,rs7686545,4,93130984,rs17264265,0.373979
4,92764254,rs2046015,4,92783749,rs7699688,0.360916
4,93149117,rs4574371,4,93157806,rs7661294,0.342957
4,93130984,rs17264265,4,93149117,rs4574371,0.340152
18,3661485,rs8096356,18,3662130,rs1460411,0.310433
18,3660801,rs9952159,18,3662130,rs1460411,0.302034
4,93146102,rs6844422,4,93149117,rs4574371,0.269212
4,93149117,rs4574371,4,93154693,rs1503212,0.263318
7,141936763,rs1285950,7,141953837,rs7794708,0.257188
4,93149117,rs4574371,4,93154112,rs1354296,0.246573
4,93149117,rs4574371,4,93158357,rs1503211,0.227554
4,93149117,rs4574371,4,93157863,rs7683744,0.226891
4,93139968,rs6838743,4,93146102,rs6844422,0.22078
4,93139968,rs6838743,4,93154693,rs1503212,0.218968
18,3661485,rs8096356,18,3664989,rs1110731,0.215804
7,141838168,rs11765575,7,141936763,rs1285950,0.211861
18,3660801,rs9952159,18,3664989,rs1110731,0.208719
4,93139968,rs6838743,4,93154112,rs1354296,0.205324
2,230128040,rs6743476,2,230130731,rs6436908,0.20354
18,3662130,rs1460411,18,3663631,rs11663827,0.197336
4,93139968,rs6838743,4,93158357,rs1503211,0.195537
4,93139968,rs6838743,4,93157863,rs7683744,0.194747
2,230130731,rs6436908,2,230132687,rs12694840,0.193614
4,93138324,rs10021088,4,93149117,rs4574371,0.176041
4,93082573,rs7686545,4,93138324,rs10021088,0.170661
4,93126980,rs4286490,4,93138324,rs10021088,0.169749
2,9473160,rs2001658,2,9475906,rs7591166,0.156689
2,9475906,rs7591166,2,9494727,rs1048610,0.153995
4,93138324,rs10021088,4,93139968,rs6838743,0.15399
4,93126980,rs4286490,4,93146102,rs6844422,0.153721
4,93082573,rs7686545,4,93146102,rs6844422,0.153237
4,93126980,rs4286490,4,93154693,rs1503212,0.151956
4,93082573,rs7686545,4,93154693,rs1503212,0.148799
4,93082573,rs7686545,4,93154112,rs1354296,0.139672
18,3663631,rs11663827,18,3664989,rs1110731,0.139326
4,93126980,rs4286490,4,93154112,rs1354296,0.137794
2,230082787,rs7599478,2,230130731,rs6436908,0.137613
4,93126980,rs4286490,4,93157863,rs7683744,0.129884
7,141832387,rs10464444,7,141936763,rs1285950,0.126345
4,93073446,rs1511295,4,93138324,rs10021088,0.115675
6,48614040,rs3010531,6,48903365,rs10484428,0.114913
4,93093005,rs12506519,4,93138324,rs10021088,0.114134
2,75619432,rs7588344,2,75646091,rs2422230,0.104895
4,93130984,rs17264265,4,93154693,rs1503212,0.102563
4,93130984,rs17264265,4,93146102,rs6844422,0.1022
16,49223924,rs12599955,16,49225598,rs11647643,0.101716
4,93154693,rs1503212,4,93157806,rs7661294,0.0992759
4,93146102,rs6844422,4,93157806,rs7661294,0.0988669
4,93073446,rs1511295,4,93146102,rs6844422,0.0956354
4,93130984,rs17264265,4,93158357,rs1503211,0.0945048
4,93130984,rs17264265,4,93154112,rs1354296,0.0930846
4,93130984,rs17264265,4,93157863,rs7683744,0.0929909
6,48597122,rs9296598,6,48903365,rs10484428,0.090987
4,93154112,rs1354296,4,93157806,rs7661294,0.0901425
4,93093005,rs12506519,4,93146102,rs6844422,0.0894063
4,93157806,rs7661294,4,93158357,rs1503211,0.0892059
4,93093005,rs12506519,4,93154693,rs1503212,0.0889179
4,93157806,rs7661294,4,93157863,rs7683744,0.0876973
4,93073446,rs1511295,4,93154112,rs1354296,0.0848675
7,75634474,rs12534422,7,75635145,rs4731231,0.0807099
4,93093005,rs12506519,4,93154112,rs1354296,0.0792985
7,141838168,rs11765575,7,141953837,rs7794708,0.0755117
4,93130984,rs17264265,4,93138324,rs10021088,0.0655799
2,75619432,rs7588344,2,75650686,rs3771875,0.065053
4,93138324,rs10021088,4,93157806,rs7661294,0.0617027
4,92764254,rs2046015,4,93126980,rs4286490,0.0534548
7,141832387,rs10464444,7,141953837,rs7794708,0.0533704
4,92819258,rs1369169,4,93093005,rs12506519,0.0513475
4,92819258,rs1369169,4,93139968,rs6838743,0.0506971
4,92819258,rs1369169,4,93149117,rs4574371,0.0506046
4,92764254,rs2046015,4,93082573,rs7686545,0.0481732
4,92764254,rs2046015,4,93139968,rs6838743,0.046924
4,92819258,rs1369169,4,93126980,rs4286490,0.0454271
4,92819258,rs1369169,4,93082573,rs7686545,0.0437213
4,92783749,rs7699688,4,93093005,rs12506519,0.0412739
4,92744627,rs954467,4,93093005,rs12506519,0.0377862
4,92819258,rs1369169,4,93073446,rs1511295,0.0327651
4,92783749,rs7699688,4,93082573,rs7686545,0.0309453
4,92783749,rs7699688,4,93073446,rs1511295,0.0303552
4,92783749,rs7699688,4,93126980,rs4286490,0.0300944
4,92744627,rs954467,4,93138324,rs10021088,0.0274308
4,92783749,rs7699688,4,93139968,rs6838743,0.0274066
4,92819258,rs1369169,4,93138324,rs10021088,0.0264041
4,92764254,rs2046015,4,93093005,rs12506519,0.0257901
4,92744627,rs954467,4,93126980,rs4286490,0.0255273
4,92744627,rs954467,4,93082573,rs7686545,0.0250205
4,92783749,rs7699688,4,93138324,rs10021088,0.0245614
4,92744627,rs954467,4,93073446,rs1511295,0.0241594
4,92764254,rs2046015,4,93073446,rs1511295,0.0231135
4,92819258,rs1369169,4,93130984,rs17264265,0.021626
4,92744627,rs954467,4,93130984,rs17264265,0.015145
4,92783749,rs7699688,4,93130984,rs17264265,0.0146185
4,92764254,rs2046015,4,93130984,rs17264265,0.0133488
14,97462867,rs11628827,14,97489930,rs2626595,0.00976701
4,92764254,rs2046015,4,93138324,rs10021088,0.00823784
4,92819258,rs1369169,4,93146102,rs6844422,0.007001
2,75646091,rs2422230,2,75650686,rs3771875,0.0049767
4,92783749,rs7699688,4,93146102,rs6844422,0.00456952
9,4586808,rs3087879,9,5412546,rs10815211,0.00260666
6,65781832,rs13191280,6,65818284,rs4299807,0.000036529
