,Unnamed: 0,GENE,SNP
7,7,ADCY8,rs4975646
45,45,BRAF,rs5758265
54,54,CACNA1A,rs5758265
55,55,CACNA1C,rs10491964
56,56,CACNA1C,rs4298967
58,58,CALML3,rs11924650
59,59,CALML5,rs11924650
60,60,CALY,rs11924650
89,89,COMT,rs1285950
100,100,CYP2D6,rs11570190
108,108,DLG4,rs8084351
109,109,DLGAP1,rs8084351
113,113,DRD1,rs8084351
114,114,DRD2,rs2514218
115,115,DRD3,rs2514218
116,116,DRD4,rs2514218
156,156,GNAS,rs880090
157,157,GNG8,rs880090
162,162,GRIA3,rs880090
163,163,GRIA4,rs880090
164,164,GRIK1,rs880090
165,165,GRIK2,rs880090
166,166,GRIK3,rs880090
167,167,GRIK5,rs880090
168,168,GRIN2B,rs880090
191,191,HRAS,rs880090
194,194,HTR1A,rs880090
195,195,HTR1B,rs880090
196,196,HTR1D,rs880090
197,197,HTR2A,rs880090
198,198,HTR2B,rs880090
199,199,HTR3A,rs880090
200,200,HTR3C,rs880090
201,201,HTR3E,rs880090
327,327,PPP2R2C,rs6838743
422,422,SLC1A1,rs1511295
423,423,SLC1A1,rs4286490
424,424,SLC1A1,rs6838743
425,425,SLC1A1,rs10021088
426,426,SLC1A1,rs12506519
427,427,SLC1A1,rs1503211
428,428,SLC1A2,rs16841562
429,429,SLC1A2,rs10928684
437,437,SLC6A3,rs7683744
438,438,SLC6A4,rs7686545
439,439,SLC6A4,rs1511295
440,440,SLC6A4,rs1354296
441,441,SLC6A4,rs12506519
490,490,TPH1,rs1495509
491,491,TPH2,rs2648727
